,Date,Beta0,Beta1,Beta2,Tau,Curve
0,1985-01-01,0.11474328023846143,-0.036232313877883386,0.00017967724875919341,1.0,"NelsonSiegelCurve(beta0=0.11474328023846143, beta1=-0.036232313877883386, beta2=0.00017967724875919341, tau=1.0)"
1,1985-02-01,0.12231479927121804,-0.03891821883478017,0.0031178840771725093,1.0,"NelsonSiegelCurve(beta0=0.12231479927121804, beta1=-0.03891821883478017, beta2=0.0031178840771725093, tau=1.0)"
2,1985-03-01,0.11955865389731962,-0.03959545893390791,0.005559877887332511,1.0,"NelsonSiegelCurve(beta0=0.11955865389731962, beta1=-0.03959545893390791, beta2=0.005559877887332511, tau=1.0)"
3,1985-04-01,0.11835021351660242,-0.04140394961175542,-0.004642021937654846,1.0,"NelsonSiegelCurve(beta0=0.11835021351660242, beta1=-0.04140394961175542, beta2=-0.004642021937654846, tau=1.0)"
4,1985-05-01,0.10831653895408067,-0.03758927440522394,-0.014148464952649114,1.0,"NelsonSiegelCurve(beta0=0.10831653895408067, beta1=-0.03758927440522394, beta2=-0.014148464952649114, tau=1.0)"
5,1985-06-01,0.10793775148033452,-0.04080894141666473,-0.014941140826810938,1.0,"NelsonSiegelCurve(beta0=0.10793775148033452, beta1=-0.04080894141666473, beta2=-0.014941140826810938, tau=1.0)"
6,1985-07-01,0.11057770647544744,-0.038422144475999634,-0.01429063825592087,1.0,"NelsonSiegelCurve(beta0=0.11057770647544744, beta1=-0.038422144475999634, beta2=-0.01429063825592087, tau=1.0)"
7,1985-08-01,0.10769113784913353,-0.03720615940108195,-0.010052275764164152,1.0,"NelsonSiegelCurve(beta0=0.10769113784913353, beta1=-0.03720615940108195, beta2=-0.010052275764164152, tau=1.0)"
8,1985-09-01,0.10853222374390417,-0.039679687387838156,-0.01211250429645577,1.0,"NelsonSiegelCurve(beta0=0.10853222374390417, beta1=-0.039679687387838156, beta2=-0.01211250429645577, tau=1.0)"
9,1985-10-01,0.10537899979517212,-0.033135298206650676,-0.01669767514185912,1.0,"NelsonSiegelCurve(beta0=0.10537899979517212, beta1=-0.033135298206650676, beta2=-0.01669767514185912, tau=1.0)"
10,1985-11-01,0.10101195260881683,-0.027948188751870204,-0.017915560216361016,1.0,"NelsonSiegelCurve(beta0=0.10101195260881683, beta1=-0.027948188751870204, beta2=-0.017915560216361016, tau=1.0)"
11,1985-12-01,0.09504379281200333,-0.02205343802671225,-0.019873105893067233,1.0639527618909597,"NelsonSiegelCurve(beta0=0.09504379281200333, beta1=-0.02205343802671225, beta2=-0.019873105893067233, tau=1.0639527618909597)"
12,1986-01-01,0.09540462409816584,-0.02346668157274905,-0.018571320174205513,1.0605109477842234,"NelsonSiegelCurve(beta0=0.09540462409816584, beta1=-0.02346668157274905, beta2=-0.018571320174205513, tau=1.0605109477842234)"
13,1986-02-01,0.08340026396203344,-0.011265853589062506,-0.006985472364600619,1.0,"NelsonSiegelCurve(beta0=0.08340026396203344, beta1=-0.011265853589062506, beta2=-0.006985472364600619, tau=1.0)"
14,1986-03-01,0.07506315189063882,-0.010422582658626157,-0.005420017076157857,1.0,"NelsonSiegelCurve(beta0=0.07506315189063882, beta1=-0.010422582658626157, beta2=-0.005420017076157857, tau=1.0)"
15,1986-04-01,0.0757049767776908,-0.013672130183375174,-0.005354165721475469,1.0,"NelsonSiegelCurve(beta0=0.0757049767776908, beta1=-0.013672130183375174, beta2=-0.005354165721475469, tau=1.0)"
16,1986-05-01,0.0801197098879332,-0.018521649115291534,0.006476188496480589,1.0,"NelsonSiegelCurve(beta0=0.0801197098879332, beta1=-0.018521649115291534, beta2=0.006476188496480589, tau=1.0)"
17,1986-06-01,0.07397725766840291,-0.015436134126197328,0.0032190770219229,1.0,"NelsonSiegelCurve(beta0=0.07397725766840291, beta1=-0.015436134126197328, beta2=0.0032190770219229, tau=1.0)"
18,1986-07-01,0.07566883467767153,-0.017220936969517608,-0.008873549384455516,1.0,"NelsonSiegelCurve(beta0=0.07566883467767153, beta1=-0.017220936969517608, beta2=-0.008873549384455516, tau=1.0)"
19,1986-08-01,0.07313705787682037,-0.020074743348923427,-0.019888684043993406,1.0,"NelsonSiegelCurve(beta0=0.07313705787682037, beta1=-0.020074743348923427, beta2=-0.019888684043993406, tau=1.0)"
20,1986-09-01,0.07746543760848645,-0.025775646937153982,-0.009339597312910498,1.0,"NelsonSiegelCurve(beta0=0.07746543760848645, beta1=-0.025775646937153982, beta2=-0.009339597312910498, tau=1.0)"
21,1986-10-01,0.0771094765377749,-0.024592469248118896,-0.016065098519169815,1.0,"NelsonSiegelCurve(beta0=0.0771094765377749, beta1=-0.024592469248118896, beta2=-0.016065098519169815, tau=1.0)"
22,1986-11-01,0.07500358625554134,-0.019810866438980383,-0.017565413715592178,1.0,"NelsonSiegelCurve(beta0=0.07500358625554134, beta1=-0.019810866438980383, beta2=-0.017565413715592178, tau=1.0)"
23,1986-12-01,0.0757934542262618,-0.017720169230522633,-0.017674771946592883,1.0,"NelsonSiegelCurve(beta0=0.0757934542262618, beta1=-0.017720169230522633, beta2=-0.017674771946592883, tau=1.0)"
24,1987-01-01,0.07524421139560566,-0.01765472410579081,-0.01752553992208824,1.0,"NelsonSiegelCurve(beta0=0.07524421139560566, beta1=-0.01765472410579081, beta2=-0.01752553992208824, tau=1.0)"
25,1987-02-01,0.07512919616995717,-0.01989986098201537,-0.01376027874193389,1.0,"NelsonSiegelCurve(beta0=0.07512919616995717, beta1=-0.01989986098201537, beta2=-0.01376027874193389, tau=1.0)"
26,1987-03-01,0.07853563635209115,-0.020684834449630318,-0.01565004327394825,1.0,"NelsonSiegelCurve(beta0=0.07853563635209115, beta1=-0.020684834449630318, beta2=-0.01565004327394825, tau=1.0)"
27,1987-04-01,0.0845315659865949,-0.030843735656994185,0.005893581664642652,1.0,"NelsonSiegelCurve(beta0=0.0845315659865949, beta1=-0.030843735656994185, beta2=0.005893581664642652, tau=1.0)"
28,1987-05-01,0.08674672615022216,-0.032108138622518795,0.011030076517709344,1.0,"NelsonSiegelCurve(beta0=0.08674672615022216, beta1=-0.032108138622518795, beta2=0.011030076517709344, tau=1.0)"
29,1987-06-01,0.08595206432827547,-0.03141332987680667,0.006225418455568624,1.0,"NelsonSiegelCurve(beta0=0.08595206432827547, beta1=-0.03141332987680667, beta2=0.006225418455568624, tau=1.0)"
30,1987-07-01,0.08984185538810702,-0.030707178643060593,-0.0037006728231102366,1.0,"NelsonSiegelCurve(beta0=0.08984185538810702, beta1=-0.030707178643060593, beta2=-0.0037006728231102366, tau=1.0)"
31,1987-08-01,0.09271807012127765,-0.032685026493034765,0.0009093200397975766,1.0,"NelsonSiegelCurve(beta0=0.09271807012127765, beta1=-0.032685026493034765, beta2=0.0009093200397975766, tau=1.0)"
32,1987-09-01,0.0986768184086709,-0.03521910036510273,0.007681267613651463,1.0,"NelsonSiegelCurve(beta0=0.0986768184086709, beta1=-0.03521910036510273, beta2=0.007681267613651463, tau=1.0)"
33,1987-10-01,0.09146693774526904,-0.040817799321921366,0.006947259024785657,1.0,"NelsonSiegelCurve(beta0=0.09146693774526904, beta1=-0.040817799321921366, beta2=0.006947259024785657, tau=1.0)"
34,1987-11-01,0.09176791070541485,-0.042035185650410874,0.003675922668352441,0.7782040803008385,"NelsonSiegelCurve(beta0=0.09176791070541485, beta1=-0.042035185650410874, beta2=0.003675922668352441, tau=0.7782040803008385)"
35,1987-12-01,0.09019673141641078,-0.03547704956699012,0.008585875717191695,1.0,"NelsonSiegelCurve(beta0=0.09019673141641078, beta1=-0.03547704956699012, beta2=0.008585875717191695, tau=1.0)"
36,1988-01-01,0.08499078399197751,-0.028723714351544763,-0.002270034271184263,1.0,"NelsonSiegelCurve(beta0=0.08499078399197751, beta1=-0.028723714351544763, beta2=-0.002270034271184263, tau=1.0)"
37,1988-02-01,0.08437599601572437,-0.028831617381061752,-0.004284610819443594,1.0,"NelsonSiegelCurve(beta0=0.08437599601572437, beta1=-0.028831617381061752, beta2=-0.004284610819443594, tau=1.0)"
38,1988-03-01,0.08907980185329323,-0.03275309097450313,-0.004854113200594194,1.0,"NelsonSiegelCurve(beta0=0.08907980185329323, beta1=-0.03275309097450313, beta2=-0.004854113200594194, tau=1.0)"
39,1988-04-01,0.09165272923106556,-0.03230661117656669,-0.0029139101799982893,1.0,"NelsonSiegelCurve(beta0=0.09165272923106556, beta1=-0.03230661117656669, beta2=-0.0029139101799982893, tau=1.0)"
40,1988-05-01,0.09382993165647431,-0.029807285986706976,0.0031485825435047486,1.0,"NelsonSiegelCurve(beta0=0.09382993165647431, beta1=-0.029807285986706976, beta2=0.0031485825435047486, tau=1.0)"
41,1988-06-01,0.08969001761732046,-0.02495493896903105,0.0024795922505250548,1.0,"NelsonSiegelCurve(beta0=0.08969001761732046, beta1=-0.02495493896903105, beta2=0.0024795922505250548, tau=1.0)"
42,1988-07-01,0.09274988376147442,-0.02352584133252686,0.0028082904940532217,1.0,"NelsonSiegelCurve(beta0=0.09274988376147442, beta1=-0.02352584133252686, beta2=0.0028082904940532217, tau=1.0)"
43,1988-08-01,0.09322972210958247,-0.020398511914451037,0.0074550748288235704,1.0,"NelsonSiegelCurve(beta0=0.09322972210958247, beta1=-0.020398511914451037, beta2=0.0074550748288235704, tau=1.0)"
44,1988-09-01,0.08956365826983226,-0.01606574148080114,0.00455305286250934,1.0,"NelsonSiegelCurve(beta0=0.08956365826983226, beta1=-0.01606574148080114, beta2=0.00455305286250934, tau=1.0)"
45,1988-10-01,0.08718507989951614,-0.011392588027394263,-0.00017503482955879505,1.0,"NelsonSiegelCurve(beta0=0.08718507989951614, beta1=-0.011392588027394263, beta2=-0.00017503482955879505, tau=1.0)"
46,1988-11-01,0.09055350998423979,-0.010829189778292368,0.0077894446426306305,1.0,"NelsonSiegelCurve(beta0=0.09055350998423979, beta1=-0.010829189778292368, beta2=0.0077894446426306305, tau=1.0)"
47,1988-12-01,0.08991011759838359,-0.008762871720244057,0.01904466267318784,1.0,"NelsonSiegelCurve(beta0=0.08991011759838359, beta1=-0.008762871720244057, beta2=0.01904466267318784, tau=1.0)"
48,1989-01-01,0.08846609902417082,-0.003213045562898135,0.014946555777948808,1.0,"NelsonSiegelCurve(beta0=0.08846609902417082, beta1=-0.003213045562898135, beta2=0.014946555777948808, tau=1.0)"
49,1989-02-01,0.09140007272747208,-0.0031441418058568834,0.017444757045298215,1.0,"NelsonSiegelCurve(beta0=0.09140007272747208, beta1=-0.0031441418058568834, beta2=0.017444757045298215, tau=1.0)"
50,1989-03-01,0.09053686101013904,-0.0003161000321538366,0.023825998884514157,1.0,"NelsonSiegelCurve(beta0=0.09053686101013904, beta1=-0.0003161000321538366, beta2=0.023825998884514157, tau=1.0)"
51,1989-04-01,0.0885537111619634,-0.002768611554336742,0.015859356064634296,1.0,"NelsonSiegelCurve(beta0=0.0885537111619634, beta1=-0.002768611554336742, beta2=0.015859356064634296, tau=1.0)"
52,1989-05-01,0.08549063240416155,0.003614144042018227,0.0033098832448100485,1.0,"NelsonSiegelCurve(beta0=0.08549063240416155, beta1=0.003614144042018227, beta2=0.0033098832448100485, tau=1.0)"
53,1989-06-01,0.08088902582040565,0.0020347481302680852,-0.00371715868599321,1.0,"NelsonSiegelCurve(beta0=0.08088902582040565, beta1=0.0020347481302680852, beta2=-0.00371715868599321, tau=1.0)"
54,1989-07-01,0.07946999567703203,0.003263990065784002,-0.019375324452458546,1.0,"NelsonSiegelCurve(beta0=0.07946999567703203, beta1=0.003263990065784002, beta2=-0.019375324452458546, tau=1.0)"
55,1989-08-01,0.08184748363608937,-0.0014843837152437598,0.008478099075084707,1.0,"NelsonSiegelCurve(beta0=0.08184748363608937, beta1=-0.0014843837152437598, beta2=0.008478099075084707, tau=1.0)"
56,1989-09-01,0.08207841848492527,-0.0012623473810749767,0.011410766382854359,1.0,"NelsonSiegelCurve(beta0=0.08207841848492527, beta1=-0.0012623473810749767, beta2=0.011410766382854359, tau=1.0)"
57,1989-10-01,0.07949752946582085,0.001541328762306796,-0.005067640507566826,1.0,"NelsonSiegelCurve(beta0=0.07949752946582085, beta1=0.001541328762306796, beta2=-0.005067640507566826, tau=1.0)"
58,1989-11-01,0.07907624563654514,-0.00011127986605504294,-0.00619222346470284,1.0,"NelsonSiegelCurve(beta0=0.07907624563654514, beta1=-0.00011127986605504294, beta2=-0.00619222346470284, tau=1.0)"
59,1989-12-01,0.07991482513913732,-0.0015681684805398614,-0.002909385975449665,1.0,"NelsonSiegelCurve(beta0=0.07991482513913732, beta1=-0.0015681684805398614, beta2=-0.002909385975449665, tau=1.0)"
60,1990-01-01,0.08471455745982365,-0.0051902148642069485,0.0004287808562564292,1.0,"NelsonSiegelCurve(beta0=0.08471455745982365, beta1=-0.0051902148642069485, beta2=0.0004287808562564292, tau=1.0)"
61,1990-02-01,0.085594562237638,-0.006325683335048694,0.0025693107918084482,1.0,"NelsonSiegelCurve(beta0=0.085594562237638, beta1=-0.006325683335048694, beta2=0.0025693107918084482, tau=1.0)"
62,1990-03-01,0.0863144994591046,-0.007673639737581129,0.01039405618597286,1.0,"NelsonSiegelCurve(beta0=0.0863144994591046, beta1=-0.007673639737581129, beta2=0.01039405618597286, tau=1.0)"
63,1990-04-01,0.08997131983851278,-0.011851928139047448,0.015469967001643645,1.0,"NelsonSiegelCurve(beta0=0.08997131983851278, beta1=-0.011851928139047448, beta2=0.015469967001643645, tau=1.0)"
64,1990-05-01,0.08616062572095275,-0.007786701431886199,0.006084324651765525,1.0,"NelsonSiegelCurve(beta0=0.08616062572095275, beta1=-0.007786701431886199, beta2=0.006084324651765525, tau=1.0)"
65,1990-06-01,0.08480825526953917,-0.005776624153777643,-6.100165944035408e-05,1.0,"NelsonSiegelCurve(beta0=0.08480825526953917, beta1=-0.005776624153777643, beta2=-6.100165944035408e-05, tau=1.0)"
66,1990-07-01,0.08503699817299265,-0.007747849250682837,-0.009358467441031113,1.0,"NelsonSiegelCurve(beta0=0.08503699817299265, beta1=-0.007747849250682837, beta2=-0.009358467441031113, tau=1.0)"
67,1990-08-01,0.09125277505043496,-0.014923575858596452,-0.01443473473062451,1.0,"NelsonSiegelCurve(beta0=0.09125277505043496, beta1=-0.014923575858596452, beta2=-0.01443473473062451, tau=1.0)"
68,1990-09-01,0.09074934148798604,-0.017592810394251524,-0.01061141455887271,1.0,"NelsonSiegelCurve(beta0=0.09074934148798604, beta1=-0.017592810394251524, beta2=-0.01061141455887271, tau=1.0)"
69,1990-10-01,0.08929917702955234,-0.015568758740217476,-0.01730627759121834,1.0,"NelsonSiegelCurve(beta0=0.08929917702955234, beta1=-0.015568758740217476, beta2=-0.01730627759121834, tau=1.0)"
70,1990-11-01,0.08520145456906275,-0.011913727207473915,-0.01655647760212288,1.0,"NelsonSiegelCurve(beta0=0.08520145456906275, beta1=-0.011913727207473915, beta2=-0.01655647760212288, tau=1.0)"
71,1990-12-01,0.08409269560066521,-0.01797638747581192,-0.016388497466210503,1.0,"NelsonSiegelCurve(beta0=0.08409269560066521, beta1=-0.01797638747581192, beta2=-0.016388497466210503, tau=1.0)"
72,1991-01-01,0.08377519608559991,-0.020847141099238943,-0.01627186646374194,1.0,"NelsonSiegelCurve(beta0=0.08377519608559991, beta1=-0.020847141099238943, beta2=-0.01627186646374194, tau=1.0)"
73,1991-02-01,0.08373354029154285,-0.023106256681456123,-0.013904503060006942,1.0,"NelsonSiegelCurve(beta0=0.08373354029154285, beta1=-0.023106256681456123, beta2=-0.013904503060006942, tau=1.0)"
74,1991-03-01,0.08428263398698796,-0.02797991538387983,-0.00906724072187368,1.0,"NelsonSiegelCurve(beta0=0.08428263398698796, beta1=-0.02797991538387983, beta2=-0.00906724072187368, tau=1.0)"
75,1991-04-01,0.08427871613659985,-0.030192126821779602,-0.012330295839826168,1.0,"NelsonSiegelCurve(beta0=0.08427871613659985, beta1=-0.030192126821779602, beta2=-0.012330295839826168, tau=1.0)"
76,1991-05-01,0.08508961441681637,-0.02947358429569049,-0.016840168053169034,1.0,"NelsonSiegelCurve(beta0=0.08508961441681637, beta1=-0.02947358429569049, beta2=-0.016840168053169034, tau=1.0)"
77,1991-06-01,0.08661294753530437,-0.03219985236340203,-0.010639331630239494,1.0,"NelsonSiegelCurve(beta0=0.08661294753530437, beta1=-0.03219985236340203, beta2=-0.010639331630239494, tau=1.0)"
78,1991-07-01,0.08616864119707293,-0.031251643373296445,-0.014715048677122533,1.0,"NelsonSiegelCurve(beta0=0.08616864119707293, beta1=-0.031251643373296445, beta2=-0.014715048677122533, tau=1.0)"
79,1991-08-01,0.08335075981330373,-0.029029442481378218,-0.02739590506809829,0.9451995649876608,"NelsonSiegelCurve(beta0=0.08335075981330373, beta1=-0.029029442481378218, beta2=-0.02739590506809829, tau=0.9451995649876608)"
80,1991-09-01,0.08058254665877537,-0.027853147486141566,-0.031036309443376094,1.0,"NelsonSiegelCurve(beta0=0.08058254665877537, beta1=-0.027853147486141566, beta2=-0.031036309443376094, tau=1.0)"
81,1991-10-01,0.08148871552519574,-0.031056081893855433,-0.03960781287521776,1.0,"NelsonSiegelCurve(beta0=0.08148871552519574, beta1=-0.031056081893855433, beta2=-0.03960781287521776, tau=1.0)"
82,1991-11-01,0.08196925710745767,-0.036757086963513215,-0.04214854437089731,1.0720583457950574,"NelsonSiegelCurve(beta0=0.08196925710745767, beta1=-0.036757086963513215, beta2=-0.04214854437089731, tau=1.0720583457950574)"
83,1991-12-01,0.07681228591131056,-0.0371655770000843,-0.04089011227651768,1.1828852010649278,"NelsonSiegelCurve(beta0=0.07681228591131056, beta1=-0.0371655770000843, beta2=-0.04089011227651768, tau=1.1828852010649278)"
84,1992-01-01,0.08095835101619148,-0.04210880201526923,-0.04152786539643152,1.0,"NelsonSiegelCurve(beta0=0.08095835101619148, beta1=-0.04210880201526923, beta2=-0.04152786539643152, tau=1.0)"
85,1992-02-01,0.08071823423917737,-0.041660336356033376,-0.036735882102374856,1.0,"NelsonSiegelCurve(beta0=0.08071823423917737, beta1=-0.041660336356033376, beta2=-0.036735882102374856, tau=1.0)"
86,1992-03-01,0.08134239318493504,-0.03789674545923881,-0.053489593542403166,0.6554536227437531,"NelsonSiegelCurve(beta0=0.08134239318493504, beta1=-0.03789674545923881, beta2=-0.053489593542403166, tau=0.6554536227437531)"
87,1992-04-01,0.08281162389143289,-0.04552662872329685,-0.0460043435993034,0.7568235915120738,"NelsonSiegelCurve(beta0=0.08281162389143289, beta1=-0.04552662872329685, beta2=-0.0460043435993034, tau=0.7568235915120738)"
88,1992-05-01,0.08140934000401975,-0.04523424958551481,-0.03541601674207803,1.0,"NelsonSiegelCurve(beta0=0.08140934000401975, beta1=-0.04523424958551481, beta2=-0.03541601674207803, tau=1.0)"
89,1992-06-01,0.08057347088624678,-0.04410841224008736,-0.04606893738186138,1.0,"NelsonSiegelCurve(beta0=0.08057347088624678, beta1=-0.04410841224008736, beta2=-0.04606893738186138, tau=1.0)"
90,1992-07-01,0.07706080223540222,-0.04479966414479588,-0.044537719148372124,1.0726140284985413,"NelsonSiegelCurve(beta0=0.07706080223540222, beta1=-0.04479966414479588, beta2=-0.044537719148372124, tau=1.0726140284985413)"
91,1992-08-01,0.077472008053274,-0.04438382008076132,-0.05190931205783078,1.1488172953181504,"NelsonSiegelCurve(beta0=0.077472008053274, beta1=-0.04438382008076132, beta2=-0.05190931205783078, tau=1.1488172953181504)"
92,1992-09-01,0.07758180203369583,-0.05018587773891195,-0.04852741339264641,1.3204557132058083,"NelsonSiegelCurve(beta0=0.07758180203369583, beta1=-0.05018587773891195, beta2=-0.04852741339264641, tau=1.3204557132058083)"
93,1992-10-01,0.07927910452771483,-0.05012893091388501,-0.037226779868657196,1.2304092975114056,"NelsonSiegelCurve(beta0=0.07927910452771483, beta1=-0.05012893091388501, beta2=-0.037226779868657196, tau=1.2304092975114056)"
94,1992-11-01,0.07838518971307934,-0.04584523238898839,-0.038278502310180415,1.0,"NelsonSiegelCurve(beta0=0.07838518971307934, beta1=-0.04584523238898839, beta2=-0.038278502310180415, tau=1.0)"
95,1992-12-01,0.07640797526654139,-0.04596372207327807,-0.03896583019746323,1.0,"NelsonSiegelCurve(beta0=0.07640797526654139, beta1=-0.04596372207327807, beta2=-0.03896583019746323, tau=1.0)"
96,1993-01-01,0.07472076330145008,-0.04621727890382929,-0.03541257564724541,1.235385300799921,"NelsonSiegelCurve(beta0=0.07472076330145008, beta1=-0.04621727890382929, beta2=-0.03541257564724541, tau=1.235385300799921)"
97,1993-02-01,0.07183126273052276,-0.04192664000464335,-0.039342202374110624,1.3099075922567036,"NelsonSiegelCurve(beta0=0.07183126273052276, beta1=-0.04192664000464335, beta2=-0.039342202374110624, tau=1.3099075922567036)"
98,1993-03-01,0.07191560837637159,-0.04299928499232304,-0.036482730504791616,1.3150579067738415,"NelsonSiegelCurve(beta0=0.07191560837637159, beta1=-0.04299928499232304, beta2=-0.036482730504791616, tau=1.3150579067738415)"
99,1993-04-01,0.0726747288439504,-0.04311224646476705,-0.04174625587259764,1.354632614792052,"NelsonSiegelCurve(beta0=0.0726747288439504, beta1=-0.04311224646476705, beta2=-0.04174625587259764, tau=1.354632614792052)"
100,1993-05-01,0.07215567202510051,-0.041657811922092766,-0.028766153047582718,1.3931821359779877,"NelsonSiegelCurve(beta0=0.07215567202510051, beta1=-0.041657811922092766, beta2=-0.028766153047582718, tau=1.3931821359779877)"
101,1993-06-01,0.06954653130843308,-0.039607221064710596,-0.025161045944814556,1.6434435515797143,"NelsonSiegelCurve(beta0=0.06954653130843308, beta1=-0.039607221064710596, beta2=-0.025161045944814556, tau=1.6434435515797143)"
102,1993-07-01,0.06738687687470922,-0.03705809989052925,-0.02702510181331263,1.294642903902551,"NelsonSiegelCurve(beta0=0.06738687687470922, beta1=-0.03705809989052925, beta2=-0.02702510181331263, tau=1.294642903902551)"
103,1993-08-01,0.06259244256286124,-0.03190793410843397,-0.028577671959183114,1.2640680664420527,"NelsonSiegelCurve(beta0=0.06259244256286124, beta1=-0.03190793410843397, beta2=-0.028577671959183114, tau=1.2640680664420527)"
104,1993-09-01,0.062007297491654914,-0.03298725140766805,-0.021969341127056626,1.3450765285960715,"NelsonSiegelCurve(beta0=0.062007297491654914, beta1=-0.03298725140766805, beta2=-0.021969341127056626, tau=1.3450765285960715)"
105,1993-10-01,0.06270742307056534,-0.03196523942855506,-0.024994034762741334,1.2866553581388516,"NelsonSiegelCurve(beta0=0.06270742307056534, beta1=-0.03196523942855506, beta2=-0.024994034762741334, tau=1.2866553581388516)"
106,1993-11-01,0.06637526331528444,-0.034887299235554885,-0.025084252106452133,1.2604227521049767,"NelsonSiegelCurve(beta0=0.06637526331528444, beta1=-0.034887299235554885, beta2=-0.025084252106452133, tau=1.2604227521049767)"
107,1993-12-01,0.06648814814670548,-0.036776428114239486,-0.021858478814641345,1.255242875163086,"NelsonSiegelCurve(beta0=0.06648814814670548, beta1=-0.036776428114239486, beta2=-0.021858478814641345, tau=1.255242875163086)"
108,1994-01-01,0.06510973682521193,-0.03533819521203399,-0.023084082536406404,1.3021078597479347,"NelsonSiegelCurve(beta0=0.06510973682521193, beta1=-0.03533819521203399, beta2=-0.023084082536406404, tau=1.3021078597479347)"
109,1994-02-01,0.06931053637011794,-0.036043850905646095,-0.017085890303322117,1.2768089117047599,"NelsonSiegelCurve(beta0=0.06931053637011794, beta1=-0.036043850905646095, beta2=-0.017085890303322117, tau=1.2768089117047599)"
110,1994-03-01,0.07353721462627398,-0.04076470448014741,-0.01331874827780618,1.0,"NelsonSiegelCurve(beta0=0.07353721462627398, beta1=-0.04076470448014741, beta2=-0.01331874827780618, tau=1.0)"
111,1994-04-01,0.07503215844559029,-0.03876086251372571,-0.0027882947105229306,1.0,"NelsonSiegelCurve(beta0=0.07503215844559029, beta1=-0.03876086251372571, beta2=-0.0027882947105229306, tau=1.0)"
112,1994-05-01,0.0759178745112605,-0.035439464166884795,-0.002199861453588376,1.0,"NelsonSiegelCurve(beta0=0.0759178745112605, beta1=-0.035439464166884795, beta2=-0.002199861453588376, tau=1.0)"
113,1994-06-01,0.07759305211664433,-0.038610800262005016,0.0024545132417586116,1.0,"NelsonSiegelCurve(beta0=0.07759305211664433, beta1=-0.038610800262005016, beta2=0.0024545132417586116, tau=1.0)"
114,1994-07-01,0.07514504339206676,-0.03395544120366481,-0.002617229502287677,1.0,"NelsonSiegelCurve(beta0=0.07514504339206676, beta1=-0.03395544120366481, beta2=-0.002617229502287677, tau=1.0)"
115,1994-08-01,0.07597483479305367,-0.03190262189996755,-0.0038075602950250163,1.0,"NelsonSiegelCurve(beta0=0.07597483479305367, beta1=-0.03190262189996755, beta2=-0.0038075602950250163, tau=1.0)"
116,1994-09-01,0.07953029279326901,-0.0347280647041988,0.004805930446008218,1.0,"NelsonSiegelCurve(beta0=0.07953029279326901, beta1=-0.0347280647041988, beta2=0.004805930446008218, tau=1.0)"
117,1994-10-01,0.08111563711206654,-0.032214559561722145,0.0027552848316938962,1.0,"NelsonSiegelCurve(beta0=0.08111563711206654, beta1=-0.032214559561722145, beta2=0.0027552848316938962, tau=1.0)"
118,1994-11-01,0.08027594748662785,-0.027924366565079947,0.018244528884574552,0.9418538131140508,"NelsonSiegelCurve(beta0=0.08027594748662785, beta1=-0.027924366565079947, beta2=0.018244528884574552, tau=0.9418538131140508)"
119,1994-12-01,0.07956479183905871,-0.0374143463271963,0.02179640334081281,0.3812572328366983,"NelsonSiegelCurve(beta0=0.07956479183905871, beta1=-0.0374143463271963, beta2=0.02179640334081281, tau=0.3812572328366983)"
120,1995-01-01,0.07733881982727567,-0.020445287109576462,0.0129060345834625,1.0,"NelsonSiegelCurve(beta0=0.07733881982727567, beta1=-0.020445287109576462, beta2=0.0129060345834625, tau=1.0)"
121,1995-02-01,0.07503830858878417,-0.016742589933984888,-0.0019515889880877694,1.0,"NelsonSiegelCurve(beta0=0.07503830858878417, beta1=-0.016742589933984888, beta2=-0.0019515889880877694, tau=1.0)"
122,1995-03-01,0.07464888883935489,-0.017460419514716136,0.0015188138617334025,1.0,"NelsonSiegelCurve(beta0=0.07464888883935489, beta1=-0.017460419514716136, beta2=0.0015188138617334025, tau=1.0)"
123,1995-04-01,0.07363955339105889,-0.015522367988303098,-0.005125122707607311,1.0,"NelsonSiegelCurve(beta0=0.07363955339105889, beta1=-0.015522367988303098, beta2=-0.005125122707607311, tau=1.0)"
124,1995-05-01,0.06736114611636274,-0.007895870691191773,-0.017830276962695155,1.2428604091011037,"NelsonSiegelCurve(beta0=0.06736114611636274, beta1=-0.007895870691191773, beta2=-0.017830276962695155, tau=1.2428604091011037)"
125,1995-06-01,0.06663831586315533,-0.009809080769936087,-0.016084066846829552,1.2189487419245122,"NelsonSiegelCurve(beta0=0.06663831586315533, beta1=-0.009809080769936087, beta2=-0.016084066846829552, tau=1.2189487419245122)"
126,1995-07-01,0.06932353160770699,-0.012668976110257541,-0.017119270791125737,1.2111014768248702,"NelsonSiegelCurve(beta0=0.06932353160770699, beta1=-0.012668976110257541, beta2=-0.017119270791125737, tau=1.2111014768248702)"
127,1995-08-01,0.0666678852035034,-0.011546851720952048,-0.01334172851148097,1.0,"NelsonSiegelCurve(beta0=0.0666678852035034, beta1=-0.011546851720952048, beta2=-0.01334172851148097, tau=1.0)"
128,1995-09-01,0.065074349297265,-0.010367739482744052,-0.009960441759174246,1.0,"NelsonSiegelCurve(beta0=0.065074349297265, beta1=-0.010367739482744052, beta2=-0.009960441759174246, tau=1.0)"
129,1995-10-01,0.06401219495509623,-0.007895637634816845,-0.015224068001811183,1.1958830378544918,"NelsonSiegelCurve(beta0=0.06401219495509623, beta1=-0.007895637634816845, beta2=-0.015224068001811183, tau=1.1958830378544918)"
130,1995-11-01,0.062399373824470576,-0.00576090314628791,-0.021718615049769158,1.3006491313304052,"NelsonSiegelCurve(beta0=0.062399373824470576, beta1=-0.00576090314628791, beta2=-0.021718615049769158, tau=1.3006491313304052)"
131,1995-12-01,0.060215739971527696,-0.0075802937473068936,-0.0170212456324145,1.2761614920520155,"NelsonSiegelCurve(beta0=0.060215739971527696, beta1=-0.0075802937473068936, beta2=-0.0170212456324145, tau=1.2761614920520155)"
132,1996-01-01,0.062034358499363396,-0.010145190126708389,-0.026267305413877905,1.389127461390643,"NelsonSiegelCurve(beta0=0.062034358499363396, beta1=-0.010145190126708389, beta2=-0.026267305413877905, tau=1.389127461390643)"
133,1996-02-01,0.06613147421378913,-0.015596629731764452,-0.01606822067025126,1.2695338308129658,"NelsonSiegelCurve(beta0=0.06613147421378913, beta1=-0.015596629731764452, beta2=-0.01606822067025126, tau=1.2695338308129658)"
134,1996-03-01,0.06765632719163357,-0.016934075065643206,-0.011754890160770604,1.0,"NelsonSiegelCurve(beta0=0.06765632719163357, beta1=-0.016934075065643206, beta2=-0.011754890160770604, tau=1.0)"
135,1996-04-01,0.07004586042645625,-0.020107185702099472,-0.006020112067106487,1.0,"NelsonSiegelCurve(beta0=0.07004586042645625, beta1=-0.020107185702099472, beta2=-0.006020112067106487, tau=1.0)"
136,1996-05-01,0.07116383548634908,-0.022157311092632,0.0013682219730125362,1.0,"NelsonSiegelCurve(beta0=0.07116383548634908, beta1=-0.022157311092632, beta2=0.0013682219730125362, tau=1.0)"
137,1996-06-01,0.0699688457649762,-0.02001252215792781,-0.002507330143041453,1.0,"NelsonSiegelCurve(beta0=0.0699688457649762, beta1=-0.02001252215792781, beta2=-0.002507330143041453, tau=1.0)"
138,1996-07-01,0.0705003273682135,-0.01927263586669264,-0.001564613739236432,1.0,"NelsonSiegelCurve(beta0=0.0705003273682135, beta1=-0.01927263586669264, beta2=-0.001564613739236432, tau=1.0)"
139,1996-08-01,0.07230438502114236,-0.021822938911721265,0.00020264828723612002,1.0,"NelsonSiegelCurve(beta0=0.07230438502114236, beta1=-0.021822938911721265, beta2=0.00020264828723612002, tau=1.0)"
140,1996-09-01,0.07008694681700701,-0.020283838535836846,-0.0028814032192777195,1.0,"NelsonSiegelCurve(beta0=0.07008694681700701, beta1=-0.020283838535836846, beta2=-0.0028814032192777195, tau=1.0)"
141,1996-10-01,0.06727046236652628,-0.01571262334468276,-0.011884369471361473,1.0,"NelsonSiegelCurve(beta0=0.06727046236652628, beta1=-0.01571262334468276, beta2=-0.011884369471361473, tau=1.0)"
142,1996-11-01,0.06401876520715744,-0.012328469207578775,-0.01151068479360546,1.0,"NelsonSiegelCurve(beta0=0.06401876520715744, beta1=-0.012328469207578775, beta2=-0.01151068479360546, tau=1.0)"
143,1996-12-01,0.06727791393976826,-0.016182449564939097,-0.007099910507920865,1.0,"NelsonSiegelCurve(beta0=0.06727791393976826, beta1=-0.016182449564939097, beta2=-0.007099910507920865, tau=1.0)"
144,1997-01-01,0.06848231702029328,-0.018087059563986707,-0.006934449552963352,1.0,"NelsonSiegelCurve(beta0=0.06848231702029328, beta1=-0.018087059563986707, beta2=-0.006934449552963352, tau=1.0)"
145,1997-02-01,0.06859045477203382,-0.01809738363429881,-0.002181120895749087,1.0,"NelsonSiegelCurve(beta0=0.06859045477203382, beta1=-0.01809738363429881, beta2=-0.002181120895749087, tau=1.0)"
146,1997-03-01,0.07161642479212738,-0.021005846325251876,0.004711301220557514,1.0,"NelsonSiegelCurve(beta0=0.07161642479212738, beta1=-0.021005846325251876, beta2=0.004711301220557514, tau=1.0)"
147,1997-04-01,0.06983480037579397,-0.01905990842445028,0.002293063930314476,1.0,"NelsonSiegelCurve(beta0=0.06983480037579397, beta1=-0.01905990842445028, beta2=0.002293063930314476, tau=1.0)"
148,1997-05-01,0.06917578975141414,-0.021409087820336466,0.005967119914775229,1.0,"NelsonSiegelCurve(beta0=0.06917578975141414, beta1=-0.021409087820336466, beta2=0.005967119914775229, tau=1.0)"
149,1997-06-01,0.06830119920130963,-0.01794155995369685,-0.0014241515099043785,1.0,"NelsonSiegelCurve(beta0=0.06830119920130963, beta1=-0.01794155995369685, beta2=-0.0014241515099043785, tau=1.0)"
150,1997-07-01,0.06307085939744662,-0.011050730362299295,-0.005989880467169022,1.0,"NelsonSiegelCurve(beta0=0.06307085939744662, beta1=-0.011050730362299295, beta2=-0.005989880467169022, tau=1.0)"
151,1997-08-01,0.06643759058412013,-0.015362029498577788,-0.0028292275906154703,1.0,"NelsonSiegelCurve(beta0=0.06643759058412013, beta1=-0.015362029498577788, beta2=-0.0028292275906154703, tau=1.0)"
152,1997-09-01,0.06412758268137038,-0.014360235750457464,-0.0023903792483999835,1.0,"NelsonSiegelCurve(beta0=0.06412758268137038, beta1=-0.014360235750457464, beta2=-0.0023903792483999835, tau=1.0)"
153,1997-10-01,0.06147830371103055,-0.009379683897883732,-0.006819024468197054,1.0,"NelsonSiegelCurve(beta0=0.06147830371103055, beta1=-0.009379683897883732, beta2=-0.006819024468197054, tau=1.0)"
154,1997-11-01,0.0603574951663459,-0.00880439341562388,0.0016081993245726611,1.0,"NelsonSiegelCurve(beta0=0.0603574951663459, beta1=-0.00880439341562388, beta2=0.0016081993245726611, tau=1.0)"
155,1997-12-01,0.05937584975382757,-0.0058339741146927705,-0.002749850801126559,1.0,"NelsonSiegelCurve(beta0=0.05937584975382757, beta1=-0.0058339741146927705, beta2=-0.002749850801126559, tau=1.0)"
156,1998-01-01,0.05817430235376784,-0.005052220669780085,-0.011625373647206259,1.0,"NelsonSiegelCurve(beta0=0.05817430235376784, beta1=-0.005052220669780085, beta2=-0.011625373647206259, tau=1.0)"
157,1998-02-01,0.059008644081885844,-0.00557398166786959,-0.006524108925264883,1.0,"NelsonSiegelCurve(beta0=0.059008644081885844, beta1=-0.00557398166786959, beta2=-0.006524108925264883, tau=1.0)"
158,1998-03-01,0.059198391248809275,-0.007947686961128922,-0.0018080323384560718,1.0,"NelsonSiegelCurve(beta0=0.059198391248809275, beta1=-0.007947686961128922, beta2=-0.0018080323384560718, tau=1.0)"
159,1998-04-01,0.059198971848068396,-0.009553211337024985,0.000789514880979226,1.0,"NelsonSiegelCurve(beta0=0.059198971848068396, beta1=-0.009553211337024985, beta2=0.000789514880979226, tau=1.0)"
160,1998-05-01,0.057696305847003325,-0.007129499205527648,0.0010074012395013864,1.0,"NelsonSiegelCurve(beta0=0.057696305847003325, beta1=-0.007129499205527648, beta2=0.0010074012395013864, tau=1.0)"
161,1998-06-01,0.05597278667719158,-0.00541377766685877,0.002721643614443206,1.0,"NelsonSiegelCurve(beta0=0.05597278667719158, beta1=-0.00541377766685877, beta2=0.002721643614443206, tau=1.0)"
162,1998-07-01,0.05694998776392149,-0.006296306035393722,0.00044496171899360403,1.0,"NelsonSiegelCurve(beta0=0.05694998776392149, beta1=-0.006296306035393722, beta2=0.00044496171899360403, tau=1.0)"
163,1998-08-01,0.053761082039619476,-0.0021366426915394674,-0.01458257153403343,1.2576451276843272,"NelsonSiegelCurve(beta0=0.053761082039619476, beta1=-0.0021366426915394674, beta2=-0.01458257153403343, tau=1.2576451276843272)"
164,1998-09-01,0.053062047972273714,-0.007092237310018797,-0.02454888362260391,2.343875401690085,"NelsonSiegelCurve(beta0=0.053062047972273714, beta1=-0.007092237310018797, beta2=-0.02454888362260391, tau=2.343875401690085)"
165,1998-10-01,0.055460294979314866,-0.01051834938545184,-0.029351455164520833,2.0602226765834497,"NelsonSiegelCurve(beta0=0.055460294979314866, beta1=-0.01051834938545184, beta2=-0.029351455164520833, tau=2.0602226765834497)"
166,1998-11-01,0.053125317299590566,-0.006107827769018711,-0.017840025822561868,1.846814987091654,"NelsonSiegelCurve(beta0=0.053125317299590566, beta1=-0.006107827769018711, beta2=-0.017840025822561868, tau=1.846814987091654)"
167,1998-12-01,0.05297991539081068,-0.006670710717817774,-0.01610505162224557,1.7884302300317692,"NelsonSiegelCurve(beta0=0.05297991539081068, beta1=-0.006670710717817774, beta2=-0.01610505162224557, tau=1.7884302300317692)"
168,1999-01-01,0.0531764053989624,-0.007526283198733783,-0.014076211098149065,2.1082902247862543,"NelsonSiegelCurve(beta0=0.0531764053989624, beta1=-0.007526283198733783, beta2=-0.014076211098149065, tau=2.1082902247862543)"
169,1999-02-01,0.056534051768585836,-0.010346787534846935,-0.006082043441854297,1.0,"NelsonSiegelCurve(beta0=0.056534051768585836, beta1=-0.010346787534846935, beta2=-0.006082043441854297, tau=1.0)"
170,1999-03-01,0.05720311479033777,-0.012449764205230612,-0.010106881614031536,1.0,"NelsonSiegelCurve(beta0=0.05720311479033777, beta1=-0.012449764205230612, beta2=-0.010106881614031536, tau=1.0)"
171,1999-04-01,0.05766721722603942,-0.01232864781572716,-0.008436339844854604,1.0,"NelsonSiegelCurve(beta0=0.05766721722603942, beta1=-0.01232864781572716, beta2=-0.008436339844854604, tau=1.0)"
172,1999-05-01,0.05982911540804276,-0.014860614521513679,-0.0003832491620004517,1.0,"NelsonSiegelCurve(beta0=0.05982911540804276, beta1=-0.014860614521513679, beta2=-0.0003832491620004517, tau=1.0)"
173,1999-06-01,0.06130879216417524,-0.014310023572235729,-0.003059496560025112,1.0,"NelsonSiegelCurve(beta0=0.06130879216417524, beta1=-0.014310023572235729, beta2=-0.003059496560025112, tau=1.0)"
174,1999-07-01,0.06259854463020585,-0.017464557768118068,0.00036550045532267924,1.0,"NelsonSiegelCurve(beta0=0.06259854463020585, beta1=-0.017464557768118068, beta2=0.00036550045532267924, tau=1.0)"
175,1999-08-01,0.06285721823578098,-0.01440118535165316,-0.0002758076302048036,1.0,"NelsonSiegelCurve(beta0=0.06285721823578098, beta1=-0.01440118535165316, beta2=-0.0002758076302048036, tau=1.0)"
176,1999-09-01,0.06256963352366209,-0.015367305695365877,-0.002094707668687616,1.0,"NelsonSiegelCurve(beta0=0.06256963352366209, beta1=-0.015367305695365877, beta2=-0.002094707668687616, tau=1.0)"
177,1999-10-01,0.0632821848251285,-0.013469537301707394,-0.0005103997271558875,1.0,"NelsonSiegelCurve(beta0=0.0632821848251285, beta1=-0.013469537301707394, beta2=-0.0005103997271558875, tau=1.0)"
178,1999-11-01,0.06416409214229633,-0.012036542974862908,0.0015453649051633102,1.0,"NelsonSiegelCurve(beta0=0.06416409214229633, beta1=-0.012036542974862908, beta2=0.0015453649051633102, tau=1.0)"
179,1999-12-01,0.06613689280815117,-0.014045397272006469,0.0069749481921319465,1.0,"NelsonSiegelCurve(beta0=0.06613689280815117, beta1=-0.014045397272006469, beta2=0.0069749481921319465, tau=1.0)"
180,2000-01-01,0.06609362246427766,-0.011852646676086655,0.017080235108886357,1.0,"NelsonSiegelCurve(beta0=0.06609362246427766, beta1=-0.011852646676086655, beta2=0.017080235108886357, tau=1.0)"
181,2000-02-01,0.06267975464378119,-0.007785370618492536,0.022409688158148193,1.2245029008310424,"NelsonSiegelCurve(beta0=0.06267975464378119, beta1=-0.007785370618492536, beta2=0.022409688158148193, tau=1.2245029008310424)"
182,2000-03-01,0.05919623039806728,-0.00313101530534114,0.023559198725932123,1.0,"NelsonSiegelCurve(beta0=0.05919623039806728, beta1=-0.00313101530534114, beta2=0.023559198725932123, tau=1.0)"
183,2000-04-01,0.0599218518947508,-0.004558942444163911,0.029125779906703966,1.2963976863130284,"NelsonSiegelCurve(beta0=0.0599218518947508, beta1=-0.004558942444163911, beta2=0.029125779906703966, tau=1.2963976863130284)"
184,2000-05-01,0.06110264284355964,-0.00732371955299026,0.030690724100424824,1.0,"NelsonSiegelCurve(beta0=0.06110264284355964, beta1=-0.00732371955299026, beta2=0.030690724100424824, tau=1.0)"
185,2000-06-01,0.06007081011697038,-0.0023800271059221745,0.013978110570191934,1.0,"NelsonSiegelCurve(beta0=0.06007081011697038, beta1=-0.0023800271059221745, beta2=0.013978110570191934, tau=1.0)"
186,2000-07-01,0.0596555816482157,0.002769097949037954,0.005906674575430438,1.0,"NelsonSiegelCurve(beta0=0.0596555816482157, beta1=0.002769097949037954, beta2=0.005906674575430438, tau=1.0)"
187,2000-08-01,0.057373110967549074,0.006016271756135189,0.0059725647480305035,1.0,"NelsonSiegelCurve(beta0=0.057373110967549074, beta1=0.006016271756135189, beta2=0.0059725647480305035, tau=1.0)"
188,2000-09-01,0.059450624352370855,0.004788094434405339,-0.0067640691153692594,1.0,"NelsonSiegelCurve(beta0=0.059450624352370855, beta1=0.004788094434405339, beta2=-0.0067640691153692594, tau=1.0)"
189,2000-10-01,0.05866368030494131,0.007377990026074405,-0.008294008918909392,1.0,"NelsonSiegelCurve(beta0=0.05866368030494131, beta1=0.007377990026074405, beta2=-0.008294008918909392, tau=1.0)"
190,2000-11-01,0.05622088962829422,0.009538517925891287,-0.014791701085484533,1.0,"NelsonSiegelCurve(beta0=0.05622088962829422, beta1=0.009538517925891287, beta2=-0.014791701085484533, tau=1.0)"
191,2000-12-01,0.05563735253952162,0.006498686315488591,-0.02840128783649544,1.2936680342297395,"NelsonSiegelCurve(beta0=0.05563735253952162, beta1=0.006498686315488591, beta2=-0.02840128783649544, tau=1.2936680342297395)"
192,2001-01-01,0.05746998990209189,-0.005574138137194699,-0.030495038691555294,1.3068488708002042,"NelsonSiegelCurve(beta0=0.05746998990209189, beta1=-0.005574138137194699, beta2=-0.030495038691555294, tau=1.3068488708002042)"
193,2001-02-01,0.055584588247938306,-0.004780335763084394,-0.03143089478714351,1.2943091518551224,"NelsonSiegelCurve(beta0=0.055584588247938306, beta1=-0.004780335763084394, beta2=-0.03143089478714351, tau=1.2943091518551224)"
194,2001-03-01,0.05698369406025938,-0.013136671221807214,-0.02987362896058543,1.367395009591659,"NelsonSiegelCurve(beta0=0.05698369406025938, beta1=-0.013136671221807214, beta2=-0.02987362896058543, tau=1.367395009591659)"
195,2001-04-01,0.05980171609739822,-0.01885002709012042,-0.031305761544116004,1.0,"NelsonSiegelCurve(beta0=0.05980171609739822, beta1=-0.01885002709012042, beta2=-0.031305761544116004, tau=1.0)"
196,2001-05-01,0.06050399402277415,-0.024142530685277296,-0.0302565726852315,1.0,"NelsonSiegelCurve(beta0=0.06050399402277415, beta1=-0.024142530685277296, beta2=-0.0302565726852315, tau=1.0)"
197,2001-06-01,0.06006820101982616,-0.023645987823112294,-0.027632482038790013,1.0,"NelsonSiegelCurve(beta0=0.06006820101982616, beta1=-0.023645987823112294, beta2=-0.027632482038790013, tau=1.0)"
198,2001-07-01,0.057571577156510394,-0.020462096953505753,-0.036478988260272516,1.0630693025244655,"NelsonSiegelCurve(beta0=0.057571577156510394, beta1=-0.020462096953505753, beta2=-0.036478988260272516, tau=1.0630693025244655)"
199,2001-08-01,0.05646231495877693,-0.022160334718015512,-0.03123536143986585,1.2195774596476574,"NelsonSiegelCurve(beta0=0.05646231495877693, beta1=-0.022160334718015512, beta2=-0.03123536143986585, tau=1.2195774596476574)"
200,2001-09-01,0.058021500626486124,-0.034500187748797415,-0.03806516141874249,1.4263286457817321,"NelsonSiegelCurve(beta0=0.058021500626486124, beta1=-0.034500187748797415, beta2=-0.03806516141874249, tau=1.4263286457817321)"
201,2001-10-01,0.05279450544765913,-0.03080556917622297,-0.048221719584389575,1.0939372975235555,"NelsonSiegelCurve(beta0=0.05279450544765913, beta1=-0.03080556917622297, beta2=-0.048221719584389575, tau=1.0939372975235555)"
202,2001-11-01,0.05707750386260737,-0.038911134235159975,-0.04351140365182306,1.0,"NelsonSiegelCurve(beta0=0.05707750386260737, beta1=-0.038911134235159975, beta2=-0.04351140365182306, tau=1.0)"
203,2001-12-01,0.05906276568866885,-0.04264799817256526,-0.03915027750344209,0.9390231666667432,"NelsonSiegelCurve(beta0=0.05906276568866885, beta1=-0.04264799817256526, beta2=-0.03915027750344209, tau=0.9390231666667432)"
204,2002-01-01,0.058532714409522346,-0.042623416267560194,-0.030683564111551077,1.0,"NelsonSiegelCurve(beta0=0.058532714409522346, beta1=-0.042623416267560194, beta2=-0.030683564111551077, tau=1.0)"
205,2002-02-01,0.05813494749811044,-0.04124291845311461,-0.035104807094777465,1.0,"NelsonSiegelCurve(beta0=0.05813494749811044, beta1=-0.04124291845311461, beta2=-0.035104807094777465, tau=1.0)"
206,2002-03-01,0.06202450961798493,-0.04683629133316061,-0.01805391990614555,1.0,"NelsonSiegelCurve(beta0=0.06202450961798493, beta1=-0.04683629133316061, beta2=-0.01805391990614555, tau=1.0)"
207,2002-04-01,0.05994035503609644,-0.04359712216389015,-0.031740544809009875,1.0,"NelsonSiegelCurve(beta0=0.05994035503609644, beta1=-0.04359712216389015, beta2=-0.031740544809009875, tau=1.0)"
208,2002-05-01,0.059964305245049525,-0.043780165757241835,-0.03157746515639602,1.0527395792184902,"NelsonSiegelCurve(beta0=0.059964305245049525, beta1=-0.043780165757241835, beta2=-0.03157746515639602, tau=1.0527395792184902)"
209,2002-06-01,0.06010008050452541,-0.044119325677163604,-0.035036286831826774,1.2613526567294426,"NelsonSiegelCurve(beta0=0.06010008050452541, beta1=-0.044119325677163604, beta2=-0.035036286831826774, tau=1.2613526567294426)"
210,2002-07-01,0.05966827556100834,-0.041971224617071964,-0.05210470905789073,1.4245858091354655,"NelsonSiegelCurve(beta0=0.05966827556100834, beta1=-0.041971224617071964, beta2=-0.05210470905789073, tau=1.4245858091354655)"
211,2002-08-01,0.05598077822142152,-0.03882432081930602,-0.04565822915419976,1.5862393032119433,"NelsonSiegelCurve(beta0=0.05598077822142152, beta1=-0.03882432081930602, beta2=-0.04565822915419976, tau=1.5862393032119433)"
212,2002-09-01,0.05487408991884185,-0.038469227158753706,-0.05242527511129417,1.9077760003432287,"NelsonSiegelCurve(beta0=0.05487408991884185, beta1=-0.038469227158753706, beta2=-0.05242527511129417, tau=1.9077760003432287)"
213,2002-10-01,0.05893377129170489,-0.04373701967750267,-0.056626895069742354,1.858227433307207,"NelsonSiegelCurve(beta0=0.05893377129170489, beta1=-0.04373701967750267, beta2=-0.056626895069742354, tau=1.858227433307207)"
214,2002-11-01,0.057122749989811115,-0.04513686281269687,-0.03914173316638907,1.602211484591008,"NelsonSiegelCurve(beta0=0.057122749989811115, beta1=-0.04513686281269687, beta2=-0.03914173316638907, tau=1.602211484591008)"
215,2002-12-01,0.055876220654898966,-0.04344362500035968,-0.049769792147396644,1.7897426773127738,"NelsonSiegelCurve(beta0=0.055876220654898966, beta1=-0.04344362500035968, beta2=-0.049769792147396644, tau=1.7897426773127738)"
216,2003-01-01,0.05543335361250143,-0.043565026991877656,-0.047878759016755326,1.5796716732526224,"NelsonSiegelCurve(beta0=0.05543335361250143, beta1=-0.043565026991877656, beta2=-0.047878759016755326, tau=1.5796716732526224)"
217,2003-02-01,0.05442706811966072,-0.041985616381896324,-0.05117984487798703,1.756056879916452,"NelsonSiegelCurve(beta0=0.05442706811966072, beta1=-0.041985616381896324, beta2=-0.05117984487798703, tau=1.756056879916452)"
218,2003-03-01,0.0561396353835857,-0.04426415762105361,-0.053710732272328136,1.7093414026934324,"NelsonSiegelCurve(beta0=0.0561396353835857, beta1=-0.04426415762105361, beta2=-0.053710732272328136, tau=1.7093414026934324)"
219,2003-04-01,0.05515567057653365,-0.04335168701259178,-0.0527227528309752,1.6159557446821402,"NelsonSiegelCurve(beta0=0.05515567057653365, beta1=-0.04335168701259178, beta2=-0.0527227528309752, tau=1.6159557446821402)"
220,2003-05-01,0.05171080230477013,-0.03971105116247376,-0.05310998979321421,1.882104296189685,"NelsonSiegelCurve(beta0=0.05171080230477013, beta1=-0.03971105116247376, beta2=-0.05310998979321421, tau=1.882104296189685)"
221,2003-06-01,0.053737439651531,-0.04470841288650006,-0.047237330470115385,1.9348940959326615,"NelsonSiegelCurve(beta0=0.053737439651531, beta1=-0.04470841288650006, beta2=-0.047237330470115385, tau=1.9348940959326615)"
222,2003-07-01,0.061077462049476186,-0.05192200206219574,-0.04943972403432122,1.5185805050199406,"NelsonSiegelCurve(beta0=0.061077462049476186, beta1=-0.05192200206219574, beta2=-0.04943972403432122, tau=1.5185805050199406)"
223,2003-08-01,0.057833037058766794,-0.048167280787805876,-0.04732587459507834,1.3026082159935468,"NelsonSiegelCurve(beta0=0.057833037058766794, beta1=-0.048167280787805876, beta2=-0.04732587459507834, tau=1.3026082159935468)"
224,2003-09-01,0.056412776649593745,-0.04712567484793583,-0.04829638264062222,1.7104114145156575,"NelsonSiegelCurve(beta0=0.056412776649593745, beta1=-0.04712567484793583, beta2=-0.04829638264062222, tau=1.7104114145156575)"
225,2003-10-01,0.05794801248836338,-0.04870981184192855,-0.043527236136720396,1.530271848450882,"NelsonSiegelCurve(beta0=0.05794801248836338, beta1=-0.04870981184192855, beta2=-0.043527236136720396, tau=1.530271848450882)"
226,2003-11-01,0.05662217178329706,-0.04782515208726465,-0.038386212305575484,1.418114208447801,"NelsonSiegelCurve(beta0=0.05662217178329706, beta1=-0.04782515208726465, beta2=-0.038386212305575484, tau=1.418114208447801)"
227,2003-12-01,0.05695770213934208,-0.048152057594649016,-0.04221718779849713,1.503778438584914,"NelsonSiegelCurve(beta0=0.05695770213934208, beta1=-0.048152057594649016, beta2=-0.04221718779849713, tau=1.503778438584914)"
228,2004-01-01,0.05569682336722715,-0.04739173044756937,-0.03772542784934569,1.5703689456049084,"NelsonSiegelCurve(beta0=0.05569682336722715, beta1=-0.04739173044756937, beta2=-0.03772542784934569, tau=1.5703689456049084)"
229,2004-02-01,0.054860188336048686,-0.0454607822953226,-0.04388764338360607,1.5919816426542783,"NelsonSiegelCurve(beta0=0.054860188336048686, beta1=-0.0454607822953226, beta2=-0.04388764338360607, tau=1.5919816426542783)"
230,2004-03-01,0.05462611949177756,-0.04510683069263015,-0.04370146166960244,1.7481258821262142,"NelsonSiegelCurve(beta0=0.05462611949177756, beta1=-0.04510683069263015, beta2=-0.04370146166960244, tau=1.7481258821262142)"
231,2004-04-01,0.05748607205719449,-0.04955448494746189,-0.028723089215988075,1.4286346473183467,"NelsonSiegelCurve(beta0=0.05748607205719449, beta1=-0.04955448494746189, beta2=-0.028723089215988075, tau=1.4286346473183467)"
232,2004-05-01,0.05788064710602769,-0.04910815235550441,-0.016798147082574242,1.5978853060536422,"NelsonSiegelCurve(beta0=0.05788064710602769, beta1=-0.04910815235550441, beta2=-0.016798147082574242, tau=1.5978853060536422)"
233,2004-06-01,0.05729717549346377,-0.045634408721681494,-0.013542431019140454,1.731801690923278,"NelsonSiegelCurve(beta0=0.05729717549346377, beta1=-0.045634408721681494, beta2=-0.013542431019140454, tau=1.731801690923278)"
234,2004-07-01,0.05639936563806892,-0.04336417233331063,-0.014519770807415091,1.8076534344639845,"NelsonSiegelCurve(beta0=0.05639936563806892, beta1=-0.04336417233331063, beta2=-0.014519770807415091, tau=1.8076534344639845)"
235,2004-08-01,0.05414167123918834,-0.03909986730533262,-0.02308793396741576,1.9313740322800155,"NelsonSiegelCurve(beta0=0.05414167123918834, beta1=-0.03909986730533262, beta2=-0.02308793396741576, tau=1.9313740322800155)"
236,2004-09-01,0.05300252777512087,-0.036893372371501004,-0.0164824234251977,2.0048381818411523,"NelsonSiegelCurve(beta0=0.05300252777512087, beta1=-0.036893372371501004, beta2=-0.0164824234251977, tau=2.0048381818411523)"
237,2004-10-01,0.052419102380885166,-0.0338614735530189,-0.022066351457265935,2.0143279204296842,"NelsonSiegelCurve(beta0=0.052419102380885166, beta1=-0.0338614735530189, beta2=-0.022066351457265935, tau=2.0143279204296842)"
238,2004-11-01,0.053548281953998175,-0.03209930792986438,-0.016376665860254512,1.8538194110193786,"NelsonSiegelCurve(beta0=0.053548281953998175, beta1=-0.03209930792986438, beta2=-0.016376665860254512, tau=1.8538194110193786)"
239,2004-12-01,0.05079003149006344,-0.029595071673413693,-0.009997888503639158,1.906052216911032,"NelsonSiegelCurve(beta0=0.05079003149006344, beta1=-0.029595071673413693, beta2=-0.009997888503639158, tau=1.906052216911032)"
240,2005-01-01,0.04682338235190026,-0.02378583224560988,-0.006725278628639198,1.4305967970390558,"NelsonSiegelCurve(beta0=0.04682338235190026, beta1=-0.02378583224560988, beta2=-0.006725278628639198, tau=1.4305967970390558)"
241,2005-02-01,0.04763315174909005,-0.02168468674694664,-0.008731229709203233,1.0636373657798686,"NelsonSiegelCurve(beta0=0.04763315174909005, beta1=-0.02168468674694664, beta2=-0.008731229709203233, tau=1.0636373657798686)"
242,2005-03-01,0.04825953156789276,-0.021979814371642113,-0.004805546789569636,1.0,"NelsonSiegelCurve(beta0=0.04825953156789276, beta1=-0.021979814371642113, beta2=-0.004805546789569636, tau=1.0)"
243,2005-04-01,0.0452679046158581,-0.017500965957012,-0.006488996462521348,1.0,"NelsonSiegelCurve(beta0=0.0452679046158581, beta1=-0.017500965957012, beta2=-0.006488996462521348, tau=1.0)"
244,2005-05-01,0.04313278949147009,-0.014314621175779633,-0.0061721271486519045,1.0,"NelsonSiegelCurve(beta0=0.04313278949147009, beta1=-0.014314621175779633, beta2=-0.0061721271486519045, tau=1.0)"
245,2005-06-01,0.041586156801363135,-0.011018624519073681,-0.0034440530142297006,1.0,"NelsonSiegelCurve(beta0=0.041586156801363135, beta1=-0.011018624519073681, beta2=-0.0034440530142297006, tau=1.0)"
246,2005-07-01,0.04432372951084534,-0.01139906747890808,0.0013510831683064182,1.0,"NelsonSiegelCurve(beta0=0.04432372951084534, beta1=-0.01139906747890808, beta2=0.0013510831683064182, tau=1.0)"
247,2005-08-01,0.04185824068521594,-0.006845311884727415,-0.0028621745087009445,1.0,"NelsonSiegelCurve(beta0=0.04185824068521594, beta1=-0.006845311884727415, beta2=-0.0028621745087009445, tau=1.0)"
248,2005-09-01,0.043985067472837015,-0.013856842502858176,0.003769389753898197,0.3347116938898653,"NelsonSiegelCurve(beta0=0.043985067472837015, beta1=-0.013856842502858176, beta2=0.003769389753898197, tau=0.3347116938898653)"
249,2005-10-01,0.046959828263370716,-0.008211665965183294,0.0016750456304276762,1.0,"NelsonSiegelCurve(beta0=0.046959828263370716, beta1=-0.008211665965183294, beta2=0.0016750456304276762, tau=1.0)"
250,2005-11-01,0.04639935301307608,-0.0063924090879429385,0.0007241791491132622,1.0,"NelsonSiegelCurve(beta0=0.04639935301307608, beta1=-0.0063924090879429385, beta2=0.0007241791491132622, tau=1.0)"
251,2005-12-01,0.04459647337515127,-0.003987652179459092,0.003549415829840145,1.0,"NelsonSiegelCurve(beta0=0.04459647337515127, beta1=-0.003987652179459092, beta2=0.003549415829840145, tau=1.0)"
252,2006-01-01,0.046251245427118205,-0.0015420687657224218,-0.0012969125617334442,1.0,"NelsonSiegelCurve(beta0=0.046251245427118205, beta1=-0.0015420687657224218, beta2=-0.0012969125617334442, tau=1.0)"
253,2006-02-01,0.04525232899830174,9.294507064111154e-05,0.00622531625349814,1.0,"NelsonSiegelCurve(beta0=0.04525232899830174, beta1=9.294507064111154e-05, beta2=0.00622531625349814, tau=1.0)"
254,2006-03-01,0.0493002174724366,-0.002674909056347375,0.00013999817931130963,1.0,"NelsonSiegelCurve(beta0=0.0493002174724366, beta1=-0.002674909056347375, beta2=0.00013999817931130963, tau=1.0)"
255,2006-04-01,0.05182329450944444,-0.004422028169418196,-0.003765974593876363,1.0,"NelsonSiegelCurve(beta0=0.05182329450944444, beta1=-0.004422028169418196, beta2=-0.003765974593876363, tau=1.0)"
256,2006-05-01,0.05199775376483661,-0.003538545085857338,0.00010738643989578484,1.0,"NelsonSiegelCurve(beta0=0.05199775376483661, beta1=-0.003538545085857338, beta2=0.00010738643989578484, tau=1.0)"
257,2006-06-01,0.05153131753622713,-0.01088901400008243,0.015074040058407866,0.177701238787489,"NelsonSiegelCurve(beta0=0.05153131753622713, beta1=-0.01088901400008243, beta2=0.015074040058407866, tau=0.177701238787489)"
258,2006-07-01,0.050485321744464205,0.0010087782892047445,-0.0036597035942825948,1.0,"NelsonSiegelCurve(beta0=0.050485321744464205, beta1=0.0010087782892047445, beta2=-0.0036597035942825948, tau=1.0)"
259,2006-08-01,0.048357072032680304,0.0038978335858351953,-0.007188781677267345,1.0,"NelsonSiegelCurve(beta0=0.048357072032680304, beta1=0.0038978335858351953, beta2=-0.007188781677267345, tau=1.0)"
260,2006-09-01,0.04678309781801442,0.0016620490741655817,-0.00015257722550174161,1.0,"NelsonSiegelCurve(beta0=0.04678309781801442, beta1=0.0016620490741655817, beta2=-0.00015257722550174161, tau=1.0)"
261,2006-10-01,0.046789942219353925,0.006155474633030941,-0.007610508808566777,1.0,"NelsonSiegelCurve(beta0=0.046789942219353925, beta1=0.006155474633030941, beta2=-0.007610508808566777, tau=1.0)"
262,2006-11-01,0.04521892781743287,0.007840133791853296,-0.007707641027478417,1.0,"NelsonSiegelCurve(beta0=0.04521892781743287, beta1=0.007840133791853296, beta2=-0.007707641027478417, tau=1.0)"
263,2006-12-01,0.04744225839873222,0.0022007247527657406,0.0003891296513343137,1.0,"NelsonSiegelCurve(beta0=0.04744225839873222, beta1=0.0022007247527657406, beta2=0.0003891296513343137, tau=1.0)"
264,2007-01-01,0.04881910457330566,0.002604496266242983,-0.0018114674757011384,1.0,"NelsonSiegelCurve(beta0=0.04881910457330566, beta1=0.002604496266242983, beta2=-0.0018114674757011384, tau=1.0)"
265,2007-02-01,0.04653334108112932,0.0073055472736288166,-0.010480228826534769,1.0,"NelsonSiegelCurve(beta0=0.04653334108112932, beta1=0.0073055472736288166, beta2=-0.010480228826534769, tau=1.0)"
266,2007-03-01,0.04875905631036468,0.0035914451511919092,-0.015625775498617222,1.342212869256855,"NelsonSiegelCurve(beta0=0.04875905631036468, beta1=0.0035914451511919092, beta2=-0.015625775498617222, tau=1.342212869256855)"
267,2007-04-01,0.04908080641141574,0.0010813336978028366,-0.013568764211253515,2.0134415908351,"NelsonSiegelCurve(beta0=0.04908080641141574, beta1=0.0010813336978028366, beta2=-0.013568764211253515, tau=2.0134415908351)"
268,2007-05-01,0.04975040006299602,-0.0017169381600380296,8.110066767542219e-05,1.0,"NelsonSiegelCurve(beta0=0.04975040006299602, beta1=-0.0017169381600380296, beta2=8.110066767542219e-05, tau=1.0)"
269,2007-06-01,0.05077236493773713,-0.005197641355552632,0.002684700489535708,1.0,"NelsonSiegelCurve(beta0=0.05077236493773713, beta1=-0.005197641355552632, beta2=0.002684700489535708, tau=1.0)"
270,2007-07-01,0.04992678868821036,0.0022914004584509593,-0.01757364401860671,1.2531190920128445,"NelsonSiegelCurve(beta0=0.04992678868821036, beta1=0.0022914004584509593, beta2=-0.01757364401860671, tau=1.2531190920128445)"
271,2007-08-01,0.0496334999414293,-0.008409258632014497,-0.012516992702914663,1.8852123886881045,"NelsonSiegelCurve(beta0=0.0496334999414293, beta1=-0.008409258632014497, beta2=-0.012516992702914663, tau=1.8852123886881045)"
272,2007-09-01,0.049688793254952866,-0.012106892371248564,-0.008800206673131453,1.8251630437427382,"NelsonSiegelCurve(beta0=0.049688793254952866, beta1=-0.012106892371248564, beta2=-0.008800206673131453, tau=1.8251630437427382)"
273,2007-10-01,0.048762243396156014,-0.007699484700342863,-0.018317858892642803,1.457330834603866,"NelsonSiegelCurve(beta0=0.048762243396156014, beta1=-0.007699484700342863, beta2=-0.018317858892642803, tau=1.457330834603866)"
274,2007-11-01,0.047368910931431765,-0.011683002989775114,-0.03554309427350397,1.6784138864708773,"NelsonSiegelCurve(beta0=0.047368910931431765, beta1=-0.011683002989775114, beta2=-0.03554309427350397, tau=1.6784138864708773)"
275,2007-12-01,0.04808411952201203,-0.015520376386923093,-0.025923198514719404,2.0358335085293477,"NelsonSiegelCurve(beta0=0.04808411952201203, beta1=-0.015520376386923093, beta2=-0.025923198514719404, tau=2.0358335085293477)"
276,2008-01-01,0.04836234928970321,-0.029377705351602848,-0.030953444718077053,2.031870851876733,"NelsonSiegelCurve(beta0=0.04836234928970321, beta1=-0.029377705351602848, beta2=-0.030953444718077053, tau=2.031870851876733)"
277,2008-02-01,0.05001363490873948,-0.028813549028635844,-0.05792256143369806,1.730369748478018,"NelsonSiegelCurve(beta0=0.05001363490873948, beta1=-0.028813549028635844, beta2=-0.05792256143369806, tau=1.730369748478018)"
278,2008-03-01,0.048906395037018754,-0.03484673533743314,-0.040992902866080635,1.9599972025904495,"NelsonSiegelCurve(beta0=0.048906395037018754, beta1=-0.03484673533743314, beta2=-0.040992902866080635, tau=1.9599972025904495)"
279,2008-04-01,0.04848691304134248,-0.03543321637239418,-0.017129166899673906,1.9587613010670895,"NelsonSiegelCurve(beta0=0.04848691304134248, beta1=-0.03543321637239418, beta2=-0.017129166899673906, tau=1.9587613010670895)"
280,2008-05-01,0.05058110016230067,-0.031608483490591234,-0.02247298331323792,1.7181710087754372,"NelsonSiegelCurve(beta0=0.05058110016230067, beta1=-0.031608483490591234, beta2=-0.02247298331323792, tau=1.7181710087754372)"
281,2008-06-01,0.048284826765581025,-0.03049874695146894,-0.013325281229214428,1.8405435774076597,"NelsonSiegelCurve(beta0=0.048284826765581025, beta1=-0.03049874695146894, beta2=-0.013325281229214428, tau=1.8405435774076597)"
282,2008-07-01,0.049249986785514364,-0.033052295505508686,-0.01531614929364506,1.8896253645512822,"NelsonSiegelCurve(beta0=0.049249986785514364, beta1=-0.033052295505508686, beta2=-0.01531614929364506, tau=1.8896253645512822)"
283,2008-08-01,0.0480747509764761,-0.03091603732369355,-0.020934175476972374,1.8605352728410065,"NelsonSiegelCurve(beta0=0.0480747509764761, beta1=-0.03091603732369355, beta2=-0.020934175476972374, tau=1.8605352728410065)"
284,2008-09-01,0.047581162023771745,-0.0370907877149547,-0.018333360316139552,1.765636824046641,"NelsonSiegelCurve(beta0=0.047581162023771745, beta1=-0.0370907877149547, beta2=-0.018333360316139552, tau=1.765636824046641)"
285,2008-10-01,0.050582015392966105,-0.04710550505214284,-0.023478002973828096,1.7621914822143658,"NelsonSiegelCurve(beta0=0.050582015392966105, beta1=-0.04710550505214284, beta2=-0.023478002973828096, tau=1.7621914822143658)"
286,2008-11-01,0.040269415020364345,-0.039484249675182846,-0.02071913495865317,1.952470205319774,"NelsonSiegelCurve(beta0=0.040269415020364345, beta1=-0.039484249675182846, beta2=-0.02071913495865317, tau=1.952470205319774)"
287,2008-12-01,0.03200551285537561,-0.030908667130402287,-0.025703630093869632,1.6178838021968078,"NelsonSiegelCurve(beta0=0.03200551285537561, beta1=-0.030908667130402287, beta2=-0.025703630093869632, tau=1.6178838021968078)"
